*Item,*Source,*Dest
3541460,805,186
3196366,805,186
3196367,805,186
3132145,805,186
3386503,805,186
3491953,805,186
3257943,805,186
3257947,805,186
3257948,805,186
3123559,805,186
3285331,805,186
3008486,805,186
3137588,805,186
3513553,805,186
3372214,805,186
3524461,805,186
3384314,805,186
3437750,805,186
3525114,805,186
3282735,805,186
3282737,805,186
3463139,805,186
3296686,805,186
3537640,805,186
3540980,805,186
3541461,805,186
3196363,805,186
3196365,805,186
3408174,805,186
3503165,805,186
3524289,801,186
3460189,801,186
3492416,801,186
3495684,801,186
3521651,801,186
3521652,801,186
3004519,801,186
3004551,801,186
3063378,801,186
3413711,801,186
3422157,801,186
3440244,801,186
3442481,801,186
3468909,801,186
3054535,801,186
3103653,801,186
3103654,801,186
3325998,801,186
3509078,801,186
3440951,801,186
3440955,801,186
3488562,801,186
3488563,801,186
3503267,801,186
3455948,801,186
3295198,801,186
3295200,801,186
3390935,801,186
3479885,801,186
3529243,801,186
3529244,801,186
3529245,801,186
3529246,801,186
3529247,801,186
3524070,801,186
3431913,801,186
3441648,801,186
3232249,801,186
3062359,801,186
3103381,801,186
3311633,801,186
3371132,801,186
3554245,801,186
3550852,801,186
3554248,801,186
3554249,801,186
3554247,801,186
3550848,801,186
3550850,801,186
3519234,801,186
3404156,801,186
3519561,801,186
3509230,801,186
3509231,801,186
3368148,801,186
3368149,801,186
3218628,801,186
3517621,801,186
3541545,801,186
3448562,801,186
3419927,801,186
3385771,801,186
3295021,801,186
3295023,801,186
3412002,801,186
3459960,801,186
3556029,801,186
3382941,801,186
3457912,801,186
3457913,801,186
3493317,801,186
3493318,801,186
3390753,801,186
3390754,801,186
3555039,801,186
3134265,801,186
3434405,801,186
3515856,801,186
3419926,801,186
3523181,801,186
3523363,801,186
3523364,801,186
3523365,801,186
3521071,801,186
3521073,801,186
3521074,801,186
3404154,801,186
3414888,801,186
3508978,801,186
3487359,801,186
3487361,801,186
3487363,801,186
3487364,801,186
3513947,801,186
3513972,801,186
3524413,801,186
3524414,801,186
3524415,801,186
3524416,801,186
3312777,801,186
3446427,801,186
3556424,801,186
3556030,801,186
3455364,801,186
3422250,801,186
3476197,801,186
3011823,801,186
3368152,801,186
3548188,801,186
3555041,801,186
3555042,801,186
3555040,801,186
3503276,801,186
3503277,801,186
3490338,801,186
3065101,801,186
3065131,801,186
3168728,801,186
3518681,801,186
3519232,801,186
3281313,801,186
3281320,801,186
3460723,801,186
3422252,801,186
3543872,801,186
3344279,801,186
3546388,801,186
3546389,801,186
3538570,801,186
3541385,801,186
3541389,801,186
3541392,801,186
3541546,801,186
3541939,801,186
3541940,801,186
3541941,801,186
3407767,801,186
3055280,801,186
3012794,801,186
3253175,801,186
3382457,801,186
3487366,801,186
3223203,801,186
3307987,801,186
3246587,801,186
3300069,801,186
3101964,801,186
3101976,801,186
3102010,801,186
3181800,801,186
3518223,801,186
3543335,801,186
3550808,801,186
3541465,801,186
3541466,801,186
3554236,801,186
3538419,801,186
3534601,801,186
3493423,801,186
3493424,801,186
3538907,801,186
3528748,801,186
3535085,801,186
3537737,801,186
3518674,801,186
3518677,801,186
3557778,801,186
3543334,801,186
3504123,801,186
3504124,801,186
3538420,801,186
3538908,801,186
3541467,801,186
3430010,801,186
3318296,801,186
3372352,801,186
3406659,801,186
3336962,801,186
3343026,801,186
3541460,805,175
3515339,805,175
3196366,805,175
3196367,805,175
3386503,805,175
3491953,805,175
3257947,805,175
3285331,805,175
3513553,805,175
3314078,805,175
3288046,805,175
3372214,805,175
3524461,805,175
3524462,805,175
3192268,805,175
3271310,805,175
3384314,805,175
3437750,805,175
3527980,805,175
3282735,805,175
3282736,805,175
3282737,805,175
3463139,805,175
3296686,805,175
3545291,805,175
3537640,805,175
3540979,805,175
3540980,805,175
3541461,805,175
3196362,805,175
3196363,805,175
3196365,805,175
3196368,805,175
3408174,805,175
3503165,805,175
3503301,805,175
3503302,805,175
3503303,805,175
3524289,801,175
3489128,801,175
3492416,801,175
3521651,801,175
3521652,801,175
3460189,801,175
3545693,801,175
3442481,801,175
3054535,801,175
3509078,801,175
3387857,801,175
3505767,801,175
3479885,801,175
3529243,801,175
3529244,801,175
3529245,801,175
3529246,801,175
3529247,801,175
3518223,801,175
3430010,801,175
3543335,801,175
3541466,801,175
3536487,801,175
3509230,801,175
3509233,801,175
3368148,801,175
3368149,801,175
3538419,801,175
3544246,801,175
3557782,801,175
3295021,801,175
3295023,801,175
3412002,801,175
3382941,801,175
3457912,801,175
3457913,801,175
3493317,801,175
3390753,801,175
3134265,801,175
3434405,801,175
3523141,801,175
3521073,801,175
3487359,801,175
3487363,801,175
3487674,801,175
3528748,801,175
3513972,801,175
3524413,801,175
3524414,801,175
3524415,801,175
3524416,801,175
3312777,801,175
3446427,801,175
3392948,801,175
3392949,801,175
3455364,801,175
3011823,801,175
3552975,801,175
3537737,801,175
3503277,801,175
3168728,801,175
3518677,801,175
3518681,801,175
3450271,801,175
3281320,801,175
3336962,801,175
3460723,801,175
3343026,801,175
3344279,801,175
3504123,801,175
3504124,801,175
3538420,801,175
3541467,801,175
3541939,801,175
3541940,801,175
3541941,801,175
3541460,805,153
3515339,805,153
3196366,805,153
3196367,805,153
3132145,805,153
3386503,805,153
3491953,805,153
3257943,805,153
3285331,805,153
3008472,805,153
3282741,805,153
3515340,805,153
3515343,805,153
3314078,805,153
3372214,805,153
3530731,805,153
3530732,805,153
3530733,805,153
3530734,805,153
3524461,805,153
3524462,805,153
3473446,805,153
3271310,805,153
3384314,805,153
3437750,805,153
3525115,805,153
3282736,805,153
3282737,805,153
3463139,805,153
3541461,805,153
3196363,805,153
3196365,805,153
3196368,805,153
3408174,805,153
3408176,805,153
3503165,805,153
3503301,805,153
3503302,805,153
3503303,805,153
3507858,801,153
3518223,801,153
3554245,801,153
3550852,801,153
3430010,801,153
3543335,801,153
3547927,801,153
3541465,801,153
3541466,801,153
3518676,801,153
3536487,801,153
3550848,801,153
3550850,801,153
3542949,801,153
3404156,801,153
3507586,801,153
3554236,801,153
3055280,801,153
3055287,801,153
3055288,801,153
3055289,801,153
3190990,801,153
3509230,801,153
3509231,801,153
3101976,801,153
3102010,801,153
3103381,801,153
3103382,801,153
3368148,801,153
3368149,801,153
3368150,801,153
3368151,801,153
3476196,801,153
3476202,801,153
3538419,801,153
3543870,801,153
3218628,801,153
3557777,801,153
3557783,801,153
3557782,801,153
3534601,801,153
3448564,801,153
3520753,801,153
3295021,801,153
3295023,801,153
3412002,801,153
3497612,801,153
3403438,801,153
3533694,801,153
3533695,801,153
3459960,801,153
3556029,801,153
3490336,801,153
3055204,801,153
3260451,801,153
3357483,801,153
3327143,801,153
3327144,801,153
3382941,801,153
3457912,801,153
3457913,801,153
3325237,801,153
3444318,801,153
3350607,801,153
3350608,801,153
3493317,801,153
3493423,801,153
3493424,801,153
3390753,801,153
3390754,801,153
3538906,801,153
3134265,801,153
3434405,801,153
3515856,801,153
3531392,801,153
3523140,801,153
3523141,801,153
3440906,801,153
3521073,801,153
3521074,801,153
3404154,801,153
3414888,801,153
3508978,801,153
3382457,801,153
3487359,801,153
3487361,801,153
3487363,801,153
3487364,801,153
3372352,801,153
3528748,801,153
3513945,801,153
3513947,801,153
3513972,801,153
3524413,801,153
3524414,801,153
3524415,801,153
3524416,801,153
3311633,801,153
3312777,801,153
3446423,801,153
3446427,801,153
3556424,801,153
3535085,801,153
3556030,801,153
3364612,801,153
3455364,801,153
3406659,801,153
3406723,801,153
3011823,801,153
3438240,801,153
3436536,801,153
3368152,801,153
3537737,801,153
3448563,801,153
3503276,801,153
3503277,801,153
3419131,801,153
3490338,801,153
3550806,801,153
3534020,801,153
3535084,801,153
3535608,801,153
3536397,801,153
3536484,801,153
3536485,801,153
3536486,801,153
3168728,801,153
3490335,801,153
3490337,801,153
3518674,801,153
3518677,801,153
3518681,801,153
3519231,801,153
3557778,801,153
3307987,801,153
3352971,801,153
3450271,801,153
3362388,801,153
3246587,801,153
3281320,801,153
3336962,801,153
3336963,801,153
3460722,801,153
3460723,801,153
3413586,801,153
3422252,801,153
3422473,801,153
3422474,801,153
3543334,801,153
3543871,801,153
3543872,801,153
3342477,801,153
3342479,801,153
3343026,801,153
3409369,801,153
3419129,801,153
3537715,801,153
3538420,801,153
3538566,801,153
3541392,801,153
3541467,801,153
3541546,801,153
3541547,801,153
3541924,801,153
3541939,801,153
3541940,801,153
3541941,801,153
3541460,805,133
3196366,805,133
3196367,805,133
3386503,805,133
3491953,805,133
3257948,805,133
3285331,805,133
3515340,805,133
3515342,805,133
3515343,805,133
3513553,805,133
3513554,805,133
3372214,805,133
3524461,805,133
3524462,805,133
3537271,805,133
3384314,805,133
3437750,805,133
3525114,805,133
3525115,805,133
3538788,805,133
3540979,805,133
3540980,805,133
3541461,805,133
3196362,805,133
3196363,805,133
3196365,805,133
3196368,805,133
3408174,805,133
3503165,805,133
3503301,805,133
3503302,805,133
3489126,801,133
3524289,801,133
3503221,801,133
3427995,801,133
3102394,801,133
3102395,801,133
3489128,801,133
3492416,801,133
3512339,801,133
3521651,801,133
3521652,801,133
3460189,801,133
3361960,801,133
3545693,801,133
3502829,801,133
3063378,801,133
3442481,801,133
3440244,801,133
3440252,801,133
3468909,801,133
3413710,801,133
3413711,801,133
3422157,801,133
3422161,801,133
3432384,801,133
3432386,801,133
3050100,801,133
3054513,801,133
3054515,801,133
3054516,801,133
3054518,801,133
3054519,801,133
3054520,801,133
3244892,801,133
3103654,801,133
3054535,801,133
3097779,801,133
3325998,801,133
3509078,801,133
3488561,801,133
3440951,801,133
3440955,801,133
3493826,801,133
3503267,801,133
3390935,801,133
3387857,801,133
3505767,801,133
3479885,801,133
3529243,801,133
3529244,801,133
3529245,801,133
3529246,801,133
3529247,801,133
3529248,801,133
3538108,801,133
3524070,801,133
3530862,801,133
3441648,801,133
3431913,801,133
3533269,801,133
3334803,801,133
3334806,801,133
3158922,801,133
3278393,801,133
3278394,801,133
3365055,801,133
3507858,801,133
3518223,801,133
3554245,801,133
3430010,801,133
3543335,801,133
3348369,801,133
3547927,801,133
3541466,801,133
3518675,801,133
3507586,801,133
3554236,801,133
3437855,801,133
3437856,801,133
3438238,801,133
3055286,801,133
3055291,801,133
3062359,801,133
3318296,801,133
3509230,801,133
3509231,801,133
3509236,801,133
3101964,801,133
3101976,801,133
3102010,801,133
3103381,801,133
3368148,801,133
3368149,801,133
3368150,801,133
3476199,801,133
3476200,801,133
3476202,801,133
3538419,801,133
3543870,801,133
3541545,801,133
3557783,801,133
3557782,801,133
3348368,801,133
3448564,801,133
3385771,801,133
3295021,801,133
3295023,801,133
3412002,801,133
3497612,801,133
3533694,801,133
3533695,801,133
3459960,801,133
3556029,801,133
3490336,801,133
3055154,801,133
3327143,801,133
3032106,801,133
3457912,801,133
3457913,801,133
3457914,801,133
3457915,801,133
3325237,801,133
3444318,801,133
3350608,801,133
3181800,801,133
3493317,801,133
3493318,801,133
3493423,801,133
3493424,801,133
3390753,801,133
3494102,801,133
3538906,801,133
3538907,801,133
3555039,801,133
3134265,801,133
3434405,801,133
3531392,801,133
3523140,801,133
3523141,801,133
3523181,801,133
3440906,801,133
3521073,801,133
3521074,801,133
3374926,801,133
3404154,801,133
3414888,801,133
3508978,801,133
3487359,801,133
3487361,801,133
3487363,801,133
3487364,801,133
3487366,801,133
3528748,801,133
3433469,801,133
3513947,801,133
3513972,801,133
3524413,801,133
3524414,801,133
3524415,801,133
3524416,801,133
3312777,801,133
3458930,801,133
3446427,801,133
3556424,801,133
3556030,801,133
3392951,801,133
3371132,801,133
3477798,801,133
3364612,801,133
3455364,801,133
3406659,801,133
3422250,801,133
3011823,801,133
3509235,801,133
3438240,801,133
3436536,801,133
3537737,801,133
3548188,801,133
3548189,801,133
3548191,801,133
3555041,801,133
3555042,801,133
3546767,801,133
3555040,801,133
3503276,801,133
3503277,801,133
3490338,801,133
3550806,801,133
3533214,801,133
3533215,801,133
3536400,801,133
3536486,801,133
3168728,801,133
3490335,801,133
3518677,801,133
3518681,801,133
3518682,801,133
3362388,801,133
3281320,801,133
3281321,801,133
3336962,801,133
3460723,801,133
3422473,801,133
3422474,801,133
3542951,801,133
3543334,801,133
3298489,801,133
3343029,801,133
3343030,801,133
3545124,801,133
3546388,801,133
3546389,801,133
3546390,801,133
3546391,801,133
3547498,801,133
3547499,801,133
3548190,801,133
3504124,801,133
3538420,801,133
3538566,801,133
3538567,801,133
3538568,801,133
3538569,801,133
3538570,801,133
3538571,801,133
3541392,801,133
3541467,801,133
3541546,801,133
3541547,801,133
3541924,801,133
3541940,801,133
3541941,801,133
3407767,801,133
3541460,805,154
3196366,805,154
3196367,805,154
3386503,805,154
3491953,805,154
3285331,805,154
3515340,805,154
3515343,805,154
3513553,805,154
3513554,805,154
3513555,805,154
3288046,805,154
3372214,805,154
3271310,805,154
3437750,805,154
3525114,805,154
3463139,805,154
3296686,805,154
3541461,805,154
3196362,805,154
3196363,805,154
3196365,805,154
3196368,805,154
3408174,805,154
3408176,805,154
3505767,801,154
3488562,801,154
3488563,801,154
3441648,801,154
3442481,801,154
3390935,801,154
3479885,801,154
3492416,801,154
3431913,801,154
3440244,801,154
3440249,801,154
3440252,801,154
3440951,801,154
3440952,801,154
3440953,801,154
3440955,801,154
3521651,801,154
3529246,801,154
3529247,801,154
3509078,801,154
3507857,801,154
3507858,801,154
3518223,801,154
3430010,801,154
3543335,801,154
3541465,801,154
3541466,801,154
3518676,801,154
3550848,801,154
3507586,801,154
3554236,801,154
3509230,801,154
3509231,801,154
3509233,801,154
3368148,801,154
3368149,801,154
3476198,801,154
3448564,801,154
3385771,801,154
3295021,801,154
3295023,801,154
3412002,801,154
3533694,801,154
3533695,801,154
3459960,801,154
3490336,801,154
3457912,801,154
3457913,801,154
3493317,801,154
3538906,801,154
3538907,801,154
3449947,801,154
3434405,801,154
3515856,801,154
3523141,801,154
3521073,801,154
3487359,801,154
3487363,801,154
3487364,801,154
3372352,801,154
3528748,801,154
3513972,801,154
3524413,801,154
3524414,801,154
3524415,801,154
3524416,801,154
3312777,801,154
3446423,801,154
3446427,801,154
3455364,801,154
3507585,801,154
3011823,801,154
3537737,801,154
3503277,801,154
3342478,801,154
3168728,801,154
3490335,801,154
3490337,801,154
3518677,801,154
3518681,801,154
3557778,801,154
3281320,801,154
3460723,801,154
3422474,801,154
3504123,801,154
3504124,801,154
3541467,801,154
3541460,805,509
3513556,805,509
3196366,805,509
3196367,805,509
3501640,805,509
3545292,805,509
3132145,805,509
3491953,805,509
3008485,805,509
3054651,805,509
3123559,805,509
3285331,805,509
3008478,805,509
3008479,805,509
3008481,805,509
3008482,805,509
3008486,805,509
3008490,805,509
3140316,805,509
3137587,805,509
3137588,805,509
3515340,805,509
3515343,805,509
3513552,805,509
3513553,805,509
3513554,805,509
3513555,805,509
3314078,805,509
3288046,805,509
3524462,805,509
3192268,805,509
3553316,805,509
3271310,805,509
3384314,805,509
3437750,805,509
3525114,805,509
3525115,805,509
3282737,805,509
3463139,805,509
3007093,805,509
3296686,805,509
3545291,805,509
3537640,805,509
3538788,805,509
3538789,805,509
3540979,805,509
3540980,805,509
3541461,805,509
3196362,805,509
3196363,805,509
3196365,805,509
3196368,805,509
3503302,805,509
3507857,801,509
3507858,801,509
3517501,801,509
3518223,801,509
3554245,801,509
3430008,801,509
3430009,801,509
3554248,801,509
3543335,801,509
3552977,801,509
3348369,801,509
3550808,801,509
3541465,801,509
3541466,801,509
3552978,801,509
3552976,801,509
3518675,801,509
3518676,801,509
3554249,801,509
3554247,801,509
3536487,801,509
3528752,801,509
3550848,801,509
3550850,801,509
3542949,801,509
3542950,801,509
3404156,801,509
3507586,801,509
3554236,801,509
3437855,801,509
3437856,801,509
3438238,801,509
3519561,801,509
3055280,801,509
3055281,801,509
3055284,801,509
3055286,801,509
3055287,801,509
3055288,801,509
3055289,801,509
3055291,801,509
3062359,801,509
3318296,801,509
3501372,801,509
3509230,801,509
3509231,801,509
3509233,801,509
3101964,801,509
3101976,801,509
3102010,801,509
3103381,801,509
3103382,801,509
3368148,801,509
3368149,801,509
3368150,801,509
3368151,801,509
3475383,801,509
3476195,801,509
3476196,801,509
3476200,801,509
3476202,801,509
3538419,801,509
3543870,801,509
3544246,801,509
3218628,801,509
3517621,801,509
3541545,801,509
3557777,801,509
3557783,801,509
3557782,801,509
3554246,801,509
3534601,801,509
3348367,801,509
3348368,801,509
3448564,801,509
3419927,801,509
3430007,801,509
3520753,801,509
3295021,801,509
3295023,801,509
3412002,801,509
3497612,801,509
3533694,801,509
3533695,801,509
3490336,801,509
3260451,801,509
3260454,801,509
3327143,801,509
3327144,801,509
3382940,801,509
3382941,801,509
3012794,801,509
3253175,801,509
3457912,801,509
3457913,801,509
3457914,801,509
3457915,801,509
3325237,801,509
3350607,801,509
3350608,801,509
3449943,801,509
3181800,801,509
3389078,801,509
3493317,801,509
3493318,801,509
3493423,801,509
3493424,801,509
3390753,801,509
3390754,801,509
3494101,801,509
3494102,801,509
3392947,801,509
3538906,801,509
3538907,801,509
3134265,801,509
3387567,801,509
3387568,801,509
3387569,801,509
3479552,801,509
3434405,801,509
3506580,801,509
3515856,801,509
3531392,801,509
3523140,801,509
3523141,801,509
3523363,801,509
3523364,801,509
3523365,801,509
3440906,801,509
3521071,801,509
3521072,801,509
3521073,801,509
3374925,801,509
3374926,801,509
3374927,801,509
3403272,801,509
3404154,801,509
3414888,801,509
3508978,801,509
3382457,801,509
3487359,801,509
3487363,801,509
3487364,801,509
3487366,801,509
3487674,801,509
3496126,801,509
3496127,801,509
3223203,801,509
3528748,801,509
3528749,801,509
3528750,801,509
3433469,801,509
3513945,801,509
3513947,801,509
3513972,801,509
3524413,801,509
3524414,801,509
3524415,801,509
3524416,801,509
3311633,801,509
3311748,801,509
3312777,801,509
3312779,801,509
3312780,801,509
3458930,801,509
3446427,801,509
3556424,801,509
3535085,801,509
3556030,801,509
3392119,801,509
3392949,801,509
3392951,801,509
3371132,801,509
3477798,801,509
3473447,801,509
3364612,801,509
3455364,801,509
3406659,801,509
3406719,801,509
3406721,801,509
3406723,801,509
3507585,801,509
3419604,801,509
3422250,801,509
3519233,801,509
3517502,801,509
3011823,801,509
3438240,801,509
3552975,801,509
3368152,801,509
3537737,801,509
3548188,801,509
3548189,801,509
3548191,801,509
3555041,801,509
3555042,801,509
3546767,801,509
3503276,801,509
3503277,801,509
3419131,801,509
3312781,801,509
3342478,801,509
3550806,801,509
3065101,801,509
3533214,801,509
3533215,801,509
3534020,801,509
3535084,801,509
3535595,801,509
3535596,801,509
3535608,801,509
3536397,801,509
3536399,801,509
3536400,801,509
3536484,801,509
3536485,801,509
3536486,801,509
3168728,801,509
3490335,801,509
3490337,801,509
3518674,801,509
3518677,801,509
3518681,801,509
3518682,801,509
3519231,801,509
3519232,801,509
3557778,801,509
3307987,801,509
3352971,801,509
3352974,801,509
3012311,801,509
3246587,801,509
3281313,801,509
3281318,801,509
3281320,801,509
3328714,801,509
3509253,801,509
3460722,801,509
3460723,801,509
3413586,801,509
3422249,801,509
3422251,801,509
3422252,801,509
3422474,801,509
3422581,801,509
3422583,801,509
3542948,801,509
3542951,801,509
3543334,801,509
3543871,801,509
3298487,801,509
3298488,801,509
3298489,801,509
3300069,801,509
3300070,801,509
3342479,801,509
3343029,801,509
3343030,801,509
3343031,801,509
3344279,801,509
3344291,801,509
3544249,801,509
3545124,801,509
3546388,801,509
3546389,801,509
3546390,801,509
3546391,801,509
3547498,801,509
3547499,801,509
3547500,801,509
3547501,801,509
3548190,801,509
3409369,801,509
3419129,801,509
3419602,801,509
3419603,801,509
3419605,801,509
3504123,801,509
3504124,801,509
3537715,801,509
3538420,801,509
3538565,801,509
3538568,801,509
3538570,801,509
3538908,801,509
3541385,801,509
3541386,801,509
3541387,801,509
3541388,801,509
3541389,801,509
3541390,801,509
3541392,801,509
3541467,801,509
3541546,801,509
3541924,801,509
3541940,801,509
3541941,801,509
3407767,801,509
3008482,805,161
3408174,805,161
3463139,805,161
3541460,805,161
3541461,805,161
3271310,805,161
3513553,805,161
3055281,801,161
3055286,801,161
3103382,801,161
3311633,801,161
3371132,801,161
3012260,801,161
3065101,801,161
3134265,801,161
3168728,801,161
3260451,801,161
3281318,801,161
3281321,801,161
3325237,801,161
3382940,801,161
3382941,801,161
3390753,801,161
3390754,801,161
3404154,801,161
3404156,801,161
3407767,801,161
3409368,801,161
3412002,801,161
3414888,801,161
3419131,801,161
3419927,801,161
3422252,801,161
3422581,801,161
3436536,801,161
3446427,801,161
3448563,801,161
3457912,801,161
3457913,801,161
3459960,801,161
3460723,801,161
3476197,801,161
3479552,801,161
3487361,801,161
3487364,801,161
3490338,801,161
3493317,801,161
3509230,801,161
3513972,801,161
3517621,801,161
3521072,801,161
3521074,801,161
3523181,801,161
3523364,801,161
3523365,801,161
3524414,801,161
3524415,801,161
3524416,801,161
3536398,801,161
3536399,801,161
3538568,801,161
3541545,801,161
3541546,801,161
3541547,801,161
3541924,801,161
3541939,801,161
3541940,801,161
3547927,801,161
3550848,801,161
3550850,801,161
3550852,801,161
3552976,801,161
3554245,801,161
3430485,801,161
3012794,801,161
3055280,801,161
3223203,801,161
3246587,801,161
3253175,801,161
3300069,801,161
3307987,801,161
3382457,801,161
3493423,801,161
3493424,801,161
3504123,801,161
3504124,801,161
3518223,801,161
3518674,801,161
3518677,801,161
3523140,801,161
3528748,801,161
3537737,801,161
3538419,801,161
3538420,801,161
3538907,801,161
3440906,801,161
3477799,801,161
3477800,801,161
3427998,801,180
3063378,801,180
3416680,801,180
3416681,801,180
3102394,801,180
3102395,801,180
3103654,801,180
3368786,801,180
3295196,801,180
3295197,801,180
3295199,801,180
3295200,801,180
3505767,801,180
3054513,801,180
3054515,801,180
3054516,801,180
3054518,801,180
3054519,801,180
3054520,801,180
3054535,801,180
3097779,801,180
3488561,801,180
3488562,801,180
3488563,801,180
3441648,801,180
3442481,801,180
3444798,801,180
3444807,801,180
3138983,801,180
3481810,801,180
3387857,801,180
3479885,801,180
3492416,801,180
3431913,801,180
3431961,801,180
3432384,801,180
3432386,801,180
3431039,801,180
3431040,801,180
3440244,801,180
3440252,801,180
3440951,801,180
3440952,801,180
3440955,801,180
3521652,801,180
3003392,801,180
3003424,801,180
3003425,801,180
3334806,801,180
3460189,801,180
3500252,801,180
3004519,801,180
3004551,801,180
3529243,801,180
3529244,801,180
3529245,801,180
3529246,801,180
3529247,801,180
3530862,801,180
3524070,801,180
3524071,801,180
3524289,801,180
3040978,801,180
3040982,801,180
3040988,801,180
3356234,801,180
3494751,801,180
3084504,801,180
3365211,801,180
3278393,801,180
3365055,801,180
3510698,801,180
3510699,801,180
3510700,801,180
3175364,801,180
3403160,801,180
3413712,801,180
3361960,801,180
3536326,801,180
3509078,801,180
3519044,801,180
3525167,801,180
3244892,801,180
3113220,801,180
3113222,801,180
3466390,801,180
3216135,801,180
3217598,801,180
3337528,801,180
3400708,801,180
3422157,801,180
3422161,801,180
3232250,801,180
3201689,801,180
3205668,801,180
3538108,801,180
3495684,801,180
3503267,801,180
3063378,801,155
3103654,801,155
3054516,801,155
3054518,801,155
3054520,801,155
3054535,801,155
3097779,801,155
3387857,801,155
3479885,801,155
3492416,801,155
3521651,801,155
3334803,801,155
3004519,801,155
3004551,801,155
3529244,801,155
3529246,801,155
3529247,801,155
3494751,801,155
3084503,801,155
3509078,801,155
3201689,801,155
3507857,801,155
3518223,801,155
3554245,801,155
3430010,801,155
3554248,801,155
3543335,801,155
3547927,801,155
3552978,801,155
3554249,801,155
3554247,801,155
3550848,801,155
3519234,801,155
3404156,801,155
3438238,801,155
3055286,801,155
3318296,801,155
3509230,801,155
3509231,801,155
3509233,801,155
3509234,801,155
3509236,801,155
3101964,801,155
3101976,801,155
3102010,801,155
3283554,801,155
3368148,801,155
3368149,801,155
3368150,801,155
3476195,801,155
3476196,801,155
3476199,801,155
3476200,801,155
3476202,801,155
3543870,801,155
3517621,801,155
3557782,801,155
3554246,801,155
3448562,801,155
3448564,801,155
3419927,801,155
3295021,801,155
3295023,801,155
3412002,801,155
3497612,801,155
3403438,801,155
3490336,801,155
3260451,801,155
3314547,801,155
3383607,801,155
3457912,801,155
3457913,801,155
3444318,801,155
3350607,801,155
3350608,801,155
3181800,801,155
3493317,801,155
3493423,801,155
3493424,801,155
3390753,801,155
3422584,801,155
3479552,801,155
3434405,801,155
3419926,801,155
3523364,801,155
3523365,801,155
3440906,801,155
3521072,801,155
3521073,801,155
3521074,801,155
3403272,801,155
3382457,801,155
3487359,801,155
3487361,801,155
3487363,801,155
3487364,801,155
3487674,801,155
3528748,801,155
3433469,801,155
3513945,801,155
3513947,801,155
3513972,801,155
3524413,801,155
3524414,801,155
3524415,801,155
3524416,801,155
3311633,801,155
3312777,801,155
3458930,801,155
3446423,801,155
3446427,801,155
3392951,801,155
3455364,801,155
3507585,801,155
3422250,801,155
3517502,801,155
3476197,801,155
3011823,801,155
3509235,801,155
3537737,801,155
3503276,801,155
3503277,801,155
3490338,801,155
3065131,801,155
3168728,801,155
3490335,801,155
3490337,801,155
3518681,801,155
3246587,801,155
3281318,801,155
3281320,801,155
3509253,801,155
3336962,801,155
3460723,801,155
3422259,801,155
3422473,801,155
3422474,801,155
3342479,801,155
3343026,801,155
3344279,801,155
3409368,801,155
3419129,801,155
3504123,801,155
3504124,801,155
3541467,801,155
3524070,801,160
3530862,801,160
3387857,801,160
3492416,801,160
3521651,801,160
3545693,801,160
3103654,801,160
3054535,801,160
3509078,801,160
3479885,801,160
3529246,801,160
3529247,801,160
3063378,801,160
3054516,801,160
3054518,801,160
3518223,801,160
3543335,801,160
3541465,801,160
3541466,801,160
3518676,801,160
3536487,801,160
3557777,801,160
3534601,801,160
3533694,801,160
3533695,801,160
3493423,801,160
3493424,801,160
3538906,801,160
3538907,801,160
3523141,801,160
3528748,801,160
3535085,801,160
3537737,801,160
3550806,801,160
3534020,801,160
3535084,801,160
3535608,801,160
3518677,801,160
3504124,801,160
3541467,801,160
3477798,801,160
3477799,801,160
3477800,801,160
3473447,801,160
3430485,801,160
3217698,801,160
3444794,801,160
3392121,801,160
3055281,801,160
3055286,801,160
3382457,801,160
3487366,801,160
3246587,801,160
3494100,801,160
3494101,801,160
3494103,801,160
3430010,801,160
3497612,801,160
3327144,801,160
3350607,801,160
3350608,801,160
3440906,801,160
3372352,801,160
3364612,801,160
3336962,801,160
3343026,801,160
3343029,801,160
3343030,801,160
3507857,801,160
3507858,801,160
3554245,801,160
3550852,801,160
3554248,801,160
3552977,801,160
3547927,801,160
3552978,801,160
3552976,801,160
3554249,801,160
3550848,801,160
3550850,801,160
3509230,801,160
3509231,801,160
3368148,801,160
3368149,801,160
3517621,801,160
3448562,801,160
3295021,801,160
3295023,801,160
3412002,801,160
3457912,801,160
3457913,801,160
3493317,801,160
3493318,801,160
3390753,801,160
3434405,801,160
3521072,801,160
3521073,801,160
3521074,801,160
3414888,801,160
3508978,801,160
3487359,801,160
3487361,801,160
3487363,801,160
3487364,801,160
3513945,801,160
3513972,801,160
3524413,801,160
3524414,801,160
3524415,801,160
3524416,801,160
3312777,801,160
3312779,801,160
3446423,801,160
3446427,801,160
3556424,801,160
3556030,801,160
3455364,801,160
3392950,801,160
3011823,801,160
3509235,801,160
3438240,801,160
3436536,801,160
3552975,801,160
3555042,801,160
3546767,801,160
3555040,801,160
3503276,801,160
3503277,801,160
3419131,801,160
3312781,801,160
3533215,801,160
3536400,801,160
3168728,801,160
3168729,801,160
3168730,801,160
3518681,801,160
3518682,801,160
3518688,801,160
3450271,801,160
3362388,801,160
3281320,801,160
3281321,801,160
3460723,801,160
3422474,801,160
3543871,801,160
3342477,801,160
3342479,801,160
3344279,801,160
3545124,801,160
3546388,801,160
3538565,801,160
3538566,801,160
3541939,801,160
3541940,801,160
3541941,801,160
3407767,801,160
3492416,801,157
3521651,801,157
3460189,801,157
3040982,801,157
3063378,801,157
3004519,801,157
3442481,801,157
3054513,801,157
3054515,801,157
3054516,801,157
3054518,801,157
3054520,801,157
3244892,801,157
3103654,801,157
3054535,801,157
3097779,801,157
3084503,801,157
3509078,801,157
3488561,801,157
3488562,801,157
3488563,801,157
3440952,801,157
3440955,801,157
3493826,801,157
3390935,801,157
3387857,801,157
3505767,801,157
3479885,801,157
3529243,801,157
3529244,801,157
3529245,801,157
3529246,801,157
3529247,801,157
3529248,801,157
3530491,801,157
3538108,801,157
3416681,801,157
3515394,801,157
3530862,801,157
3492416,801,130
3521651,801,130
3103653,801,130
3103654,801,130
3054535,801,130
3097779,801,130
3084503,801,130
3509078,801,130
3479885,801,130
3529246,801,130
3529247,801,130
3063378,801,130
3004551,801,130
3054516,801,130
3054518,801,130
3054520,801,130
3244892,801,130
3507730,801,556
3507731,801,556
3427995,801,556
3493826,801,556
3063378,801,556
3416065,801,556
3416680,801,556
3416681,801,556
3102394,801,556
3102395,801,556
3103654,801,556
3284196,801,556
3368786,801,556
3348492,801,556
3496755,801,556
3496756,801,556
3173260,801,556
3005069,801,556
3005077,801,556
3225551,801,556
3295195,801,556
3295196,801,556
3295197,801,556
3295198,801,556
3295199,801,556
3295200,801,556
3295355,801,556
3341298,801,556
3453969,801,556
3505767,801,556
3050100,801,556
3054515,801,556
3054516,801,556
3054518,801,556
3054519,801,556
3054520,801,556
3054535,801,556
3258064,801,556
3097779,801,556
3488561,801,556
3488562,801,556
3488563,801,556
3489128,801,556
3253189,801,556
3284683,801,556
3325998,801,556
3441648,801,556
3442900,801,556
3444807,801,556
3390935,801,556
3481810,801,556
3387857,801,556
3387928,801,556
3479885,801,556
3492416,801,556
3515394,801,556
3431913,801,556
3431961,801,556
3432384,801,556
3432386,801,556
3430767,801,556
3430768,801,556
3430952,801,556
3440244,801,556
3440951,801,556
3440952,801,556
3440953,801,556
3440955,801,556
3512339,801,556
3521651,801,556
3521652,801,556
3003246,801,556
3003356,801,556
3003359,801,556
3003383,801,556
3003388,801,556
3003389,801,556
3003392,801,556
3003424,801,556
3003425,801,556
3110011,801,556
3334803,801,556
3460189,801,556
3480381,801,556
3500252,801,556
3158922,801,556
3004519,801,556
3004551,801,556
3224617,801,556
3529243,801,556
3529244,801,556
3529245,801,556
3529246,801,556
3529247,801,556
3529248,801,556
3530491,801,556
3530862,801,556
3524070,801,556
3524071,801,556
3524072,801,556
3524202,801,556
3040978,801,556
3040982,801,556
3040988,801,556
3255354,801,556
3312942,801,556
3356234,801,556
3459106,801,556
3446824,801,556
3468909,801,556
3192836,801,556
3494751,801,556
3286741,801,556
3084503,801,556
3084504,801,556
3276842,801,556
3276843,801,556
3278389,801,556
3278390,801,556
3278393,801,556
3278394,801,556
3365055,801,556
3455948,801,556
3510697,801,556
3510698,801,556
3510699,801,556
3510700,801,556
3175364,801,556
3413710,801,556
3413711,801,556
3413712,801,556
3318852,801,556
3361960,801,556
3532867,801,556
3533269,801,556
3533840,801,556
3536326,801,556
3126487,801,556
3384346,801,556
3384347,801,556
3509078,801,556
3519042,801,556
3519043,801,556
3352387,801,556
3352990,801,556
3454990,801,556
3454991,801,556
3454992,801,556
3454993,801,556
3454994,801,556
3454995,801,556
3454996,801,556
3454997,801,556
3525167,801,556
3244892,801,556
3282731,801,556
3113220,801,556
3466390,801,556
3467853,801,556
3214107,801,556
3216135,801,556
3217598,801,556
3377186,801,556
3401493,801,556
3401494,801,556
3290134,801,556
3345933,801,556
3229501,801,556
3231570,801,556
3232249,801,556
3341299,801,556
3545693,801,556
3201689,801,556
3205668,801,556
3538108,801,556
3199340,801,556
3199550,801,556
3408152,801,556
3495684,801,556
3502829,801,556
3503267,801,556
3518223,801,196
3543335,801,196
3509231,801,196
3368148,801,196
3368149,801,196
3538419,801,196
3557777,801,196
3557783,801,196
3557782,801,196
3295021,801,196
3295023,801,196
3412002,801,196
3533694,801,196
3533695,801,196
3457912,801,196
3457913,801,196
3493317,801,196
3493423,801,196
3493424,801,196
3390753,801,196
3538906,801,196
3538907,801,196
3434405,801,196
3521073,801,196
3487359,801,196
3487363,801,196
3487364,801,196
3372352,801,196
3528748,801,196
3513972,801,196
3524413,801,196
3524414,801,196
3524415,801,196
3524416,801,196
3312777,801,196
3446427,801,196
3556030,801,196
3455364,801,196
3011823,801,196
3537737,801,196
3503277,801,196
3536484,801,196
3536485,801,196
3536486,801,196
3168728,801,196
3518677,801,196
3518681,801,196
3557778,801,196
3281320,801,196
3336962,801,196
3460723,801,196
3343026,801,196
3504123,801,196
3504124,801,196
3538420,801,196
3550852,801,141
3550848,801,141
3550850,801,141
3509230,801,141
3509231,801,141
3368148,801,141
3368149,801,141
3448562,801,141
3419927,801,141
3295021,801,141
3295023,801,141
3412002,801,141
3556029,801,141
3457912,801,141
3457913,801,141
3325237,801,141
3493317,801,141
3390753,801,141
3434405,801,141
3419926,801,141
3521073,801,141
3487359,801,141
3487363,801,141
3487364,801,141
3513972,801,141
3524413,801,141
3524414,801,141
3524415,801,141
3524416,801,141
3312777,801,141
3446427,801,141
3556030,801,141
3455364,801,141
3011823,801,141
3503277,801,141
3168728,801,141
3518681,801,141
3518682,801,141
3450271,801,141
3281320,801,141
3460723,801,141
3541939,801,141
3543335,801,141
3536487,801,141
3538419,801,141
3493423,801,141
3493424,801,141
3528748,801,141
3528749,801,141
3537737,801,141
3535608,801,141
3536484,801,141
3536485,801,141
3536486,801,141
3518674,801,141
3518677,801,141
3543334,801,141
3504123,801,141
3504124,801,141
3538420,801,141
3430010,801,141
3336962,801,141
3343026,801,141
3055280,801,541
3003392,801,541
3524070,801,541
3479885,801,541
3529243,801,541
3529245,801,541
3529246,801,541
3538108,801,541
3054535,801,541
3084503,801,541
3509078,801,541
3050100,801,541
3054513,801,541
3054515,801,541
3054516,801,541
3054518,801,541
3054519,801,541
3054520,801,541
3244892,801,541
3481810,801,541
3063378,801,541
3004519,801,541
3489128,801,541
3492416,801,541
3521651,801,541
3518223,801,159
3550852,801,159
3430010,801,159
3543335,801,159
3547927,801,159
3541465,801,159
3541466,801,159
3518675,801,159
3550848,801,159
3550850,801,159
3404156,801,159
3509230,801,159
3509231,801,159
3101964,801,159
3101976,801,159
3102010,801,159
3368148,801,159
3368149,801,159
3475665,801,159
3538419,801,159
3218628,801,159
3517621,801,159
3557777,801,159
3448562,801,159
3419927,801,159
3295021,801,159
3295023,801,159
3412002,801,159
3497612,801,159
3533694,801,159
3533695,801,159
3459960,801,159
3457912,801,159
3457913,801,159
3350607,801,159
3350608,801,159
3181800,801,159
3493317,801,159
3493423,801,159
3493424,801,159
3390753,801,159
3538906,801,159
3538907,801,159
3434405,801,159
3515856,801,159
3419926,801,159
3523140,801,159
3523141,801,159
3521073,801,159
3404154,801,159
3487359,801,159
3487363,801,159
3487364,801,159
3528748,801,159
3513947,801,159
3513972,801,159
3524413,801,159
3524414,801,159
3524415,801,159
3524416,801,159
3312777,801,159
3458930,801,159
3446423,801,159
3446427,801,159
3556030,801,159
3364612,801,159
3455364,801,159
3011823,801,159
3537737,801,159
3555041,801,159
3555042,801,159
3546767,801,159
3503277,801,159
3168728,801,159
3518674,801,159
3518681,801,159
3450271,801,159
3281320,801,159
3328714,801,159
3336962,801,159
3460723,801,159
3422252,801,159
3422474,801,159
3543334,801,159
3543872,801,159
3344279,801,159
3504123,801,159
3504124,801,159
3538420,801,159
3541467,801,159
3541939,801,159
3541941,801,159
3063378,801,159
3505767,801,159
3054535,801,159
3488561,801,159
3488562,801,159
3488563,801,159
3442481,801,159
3387857,801,159
3479885,801,159
3492416,801,159
3440951,801,159
3440952,801,159
3440953,801,159
3440955,801,159
3521651,801,159
3529243,801,159
3529246,801,159
3529247,801,159
3509078,801,159
3503267,801,159
3541460,805,159
3196366,805,159
3196367,805,159
3132145,805,159
3386499,805,159
3386503,805,159
3491953,805,159
3257943,805,159
3257948,805,159
3123559,805,159
3285331,805,159
3008486,805,159
3282741,805,159
3137588,805,159
3513553,805,159
3314078,805,159
3288046,805,159
3372214,805,159
3271310,805,159
3384314,805,159
3437750,805,159
3282735,805,159
3282737,805,159
3463139,805,159
3296686,805,159
3540979,805,159
3540980,805,159
3541461,805,159
3196363,805,159
3196368,805,159
3408174,805,159
3503165,805,159
3507858,801,162
3517622,801,162
3430010,801,162
3543335,801,162
3552977,801,162
3348369,801,162
3547927,801,162
3541465,801,162
3541466,801,162
3552978,801,162
3552976,801,162
3541460,805,162
3518675,801,162
3518676,801,162
3536487,801,162
3550848,801,162
3507586,801,162
3437855,801,162
3055280,801,162
3055286,801,162
3063378,801,162
3501372,801,162
3509230,801,162
3509231,801,162
3102394,801,162
3102395,801,162
3103381,801,162
3103382,801,162
3103654,801,162
3368148,801,162
3368149,801,162
3368150,801,162
3368786,801,162
3476194,801,162
3476195,801,162
3476196,801,162
3476198,801,162
3476199,801,162
3476200,801,162
3476202,801,162
3538419,801,162
3543870,801,162
3541545,801,162
3545292,805,162
3534601,801,162
3348367,801,162
3348368,801,162
3448562,801,162
3448564,801,162
3419927,801,162
3132145,805,162
3386503,805,162
3491227,805,162
3491953,805,162
3295021,801,162
3295023,801,162
3295195,801,162
3295196,801,162
3295197,801,162
3295198,801,162
3295199,801,162
3295200,801,162
3412002,801,162
3497612,801,162
3533694,801,162
3533695,801,162
3459960,801,162
3490336,801,162
3054516,801,162
3054518,801,162
3054520,801,162
3054535,801,162
3257948,805,162
3097779,801,162
3327144,801,162
3488561,801,162
3488562,801,162
3488563,801,162
3457912,801,162
3457913,801,162
3008486,805,162
3325237,801,162
3442481,801,162
3350608,801,162
3389078,801,162
3493317,801,162
3493318,801,162
3493423,801,162
3493424,801,162
3390753,801,162
3390935,801,162
3481810,801,162
3422584,801,162
3538907,801,162
3535758,805,162
3134265,801,162
3137587,805,162
3137588,805,162
3387567,801,162
3387568,801,162
3387569,801,162
3387857,801,162
3479885,801,162
3492416,801,162
3434405,801,162
3506580,801,162
3419926,801,162
3513553,805,162
3523140,801,162
3523141,801,162
3523181,801,162
3523363,801,162
3523364,801,162
3523365,801,162
3440244,801,162
3440249,801,162
3440252,801,162
3440906,801,162
3440951,801,162
3440952,801,162
3440953,801,162
3440955,801,162
3521071,801,162
3521072,801,162
3521073,801,162
3521651,801,162
3521652,801,162
3314078,805,162
3452209,805,162
3404154,801,162
3414888,801,162
3500252,801,162
3508978,801,162
3487359,801,162
3487363,801,162
3487364,801,162
3487366,801,162
3004519,801,162
3004551,801,162
3223203,801,162
3288346,801,162
3372214,805,162
3528748,801,162
3529246,801,162
3529247,801,162
3530731,805,162
3530732,805,162
3530733,805,162
3530734,805,162
3513945,801,162
3513947,801,162
3513972,801,162
3524070,801,162
3524289,801,162
3524413,801,162
3524414,801,162
3524415,801,162
3524416,801,162
3312777,801,162
3312780,801,162
3446427,801,162
3081035,801,162
3468909,801,162
3556424,801,162
3392951,801,162
3084503,801,162
3455364,801,162
3406659,801,162
3413710,801,162
3413711,801,162
3413712,801,162
3507585,801,162
3422258,801,162
3422250,801,162
3476197,801,162
3011823,801,162
3438240,801,162
3552975,801,162
3537737,801,162
3546767,801,162
3503276,801,162
3503277,801,162
3553316,805,162
3490338,801,162
3533269,801,162
3535759,805,162
3535760,805,162
3535761,805,162
3536397,801,162
3536398,801,162
3536399,801,162
3536484,801,162
3536485,801,162
3536486,801,162
3168727,801,162
3168728,801,162
3168729,801,162
3168730,801,162
3490335,801,162
3490337,801,162
3437750,805,162
3509078,801,162
3518674,801,162
3518677,801,162
3518681,801,162
3518682,801,162
3519232,801,162
3352971,801,162
3450271,801,162
3362388,801,162
3525067,805,162
3525068,805,162
3525069,805,162
3011821,801,162
3011822,801,162
3281313,801,162
3281318,801,162
3281320,801,162
3281321,801,162
3451265,801,162
3336962,801,162
3460722,801,162
3460723,801,162
3463139,805,162
3422157,801,162
3422161,801,162
3422251,801,162
3422474,801,162
3543872,801,162
3296686,805,162
3343029,801,162
3343030,801,162
3343031,801,162
3344279,801,162
3544249,801,162
3546388,801,162
3546389,801,162
3546390,801,162
3546391,801,162
3547498,801,162
3547499,801,162
3504123,801,162
3504124,801,162
3537715,801,162
3538420,801,162
3538566,801,162
3538567,801,162
3538788,805,162
3538789,805,162
3538908,801,162
3540979,805,162
3540980,805,162
3541385,801,162
3541389,801,162
3541390,801,162
3541467,801,162
3541547,801,162
3541924,801,162
3196362,805,162
3407767,801,162
3408174,805,162
3408176,805,162
3503165,805,162
3477798,801,158
3477799,801,158
3473447,801,158
3190991,801,158
3554245,801,158
3554248,801,158
3552977,801,158
3547927,801,158
3552978,801,158
3552976,801,158
3554249,801,158
3554247,801,158
3550848,801,158
3550850,801,158
3519234,801,158
3404156,801,158
3507586,801,158
3437855,801,158
3437856,801,158
3438238,801,158
3509230,801,158
3509231,801,158
3368148,801,158
3368149,801,158
3368151,801,158
3543870,801,158
3544246,801,158
3517621,801,158
3541545,801,158
3557783,801,158
3557782,801,158
3554246,801,158
3448562,801,158
3448564,801,158
3419927,801,158
3295021,801,158
3295023,801,158
3412002,801,158
3403438,801,158
3459960,801,158
3260451,801,158
3314547,801,158
3382940,801,158
3031989,801,158
3457912,801,158
3457913,801,158
3279757,801,158
3493317,801,158
3493318,801,158
3390753,801,158
3390754,801,158
3422584,801,158
3555039,801,158
3134265,801,158
3434405,801,158
3515856,801,158
3523363,801,158
3523364,801,158
3523365,801,158
3521071,801,158
3521072,801,158
3521073,801,158
3404154,801,158
3414888,801,158
3508978,801,158
3487359,801,158
3487361,801,158
3487363,801,158
3487364,801,158
3513945,801,158
3513947,801,158
3513972,801,158
3524413,801,158
3524414,801,158
3524415,801,158
3524416,801,158
3312777,801,158
3446423,801,158
3446427,801,158
3556424,801,158
3455364,801,158
3392950,801,158
3011823,801,158
3436536,801,158
3552975,801,158
3555041,801,158
3555042,801,158
3546767,801,158
3555040,801,158
3503276,801,158
3503277,801,158
3065101,801,158
3535595,801,158
3535596,801,158
3536397,801,158
3536398,801,158
3536399,801,158
3168728,801,158
3168729,801,158
3518681,801,158
3518682,801,158
3518688,801,158
3519231,801,158
3450271,801,158
3012311,801,158
3281318,801,158
3281320,801,158
3281321,801,158
3460722,801,158
3460723,801,158
3422252,801,158
3422473,801,158
3422474,801,158
3543872,801,158
3545124,801,158
3546388,801,158
3546389,801,158
3546390,801,158
3546391,801,158
3547498,801,158
3547499,801,158
3547501,801,158
3409368,801,158
3409369,801,158
3538565,801,158
3538566,801,158
3538571,801,158
3541389,801,158
3541390,801,158
3541391,801,158
3541392,801,158
3541546,801,158
3541547,801,158
3541924,801,158
3541939,801,158
3541940,801,158
3541941,801,158
3407767,801,158
3062359,801,158
3103381,801,158
3371132,801,158
3382457,801,158
3487366,801,158
3223203,801,158
3246587,801,158
3300069,801,158
3542950,801,158
3318296,801,158
3497612,801,158
3350607,801,158
3350608,801,158
3440906,801,158
3374926,801,158
3433469,801,158
3352971,801,158
3336962,801,158
3542948,801,158
3343026,801,158
3518223,801,158
3543335,801,158
3541466,801,158
3518676,801,158
3536487,801,158
3528752,801,158
3538419,801,158
3557777,801,158
3533694,801,158
3533695,801,158
3493423,801,158
3493424,801,158
3538907,801,158
3523141,801,158
3496126,801,158
3528748,801,158
3537737,801,158
3550806,801,158
3536484,801,158
3536485,801,158
3536486,801,158
3518674,801,158
3518677,801,158
3557778,801,158
3543334,801,158
3504123,801,158
3504124,801,158
3538420,801,158
3538908,801,158
3541467,801,158
3317725,801,158
3536326,801,158
3216135,801,158
3503221,801,158
3492416,801,158
3521651,801,158
3460189,801,158
3361960,801,158
3063378,801,158
3004519,801,158
3442481,801,158
3440252,801,158
3422157,801,158
3432384,801,158
3432386,801,158
3494751,801,158
3054513,801,158
3054515,801,158
3054516,801,158
3054518,801,158
3054520,801,158
3103653,801,158
3103654,801,158
3054535,801,158
3097779,801,158
3084504,801,158
3509078,801,158
3503267,801,158
3387857,801,158
3505767,801,158
3479885,801,158
3529243,801,158
3529244,801,158
3529245,801,158
3529246,801,158
3529247,801,158
3113222,801,158
3138983,801,158
3500252,801,158
3334803,801,158
3278393,801,158
3365055,801,158
3541460,805,158
3501639,805,158
3386502,805,158
3386503,805,158
3491227,805,158
3491953,805,158
3314153,805,158
3123559,805,158
3535758,805,158
3515340,805,158
3515343,805,158
3513553,805,158
3372214,805,158
3530731,805,158
3530732,805,158
3530733,805,158
3530734,805,158
3437750,805,158
3525069,805,158
3525114,805,158
3525115,805,158
3527980,805,158
3463139,805,158
3296686,805,158
3541461,805,158
3408174,805,158
3503165,805,158
3503303,805,158
3436535,801,134
3518223,801,134
3554245,801,134
3430010,801,134
3543335,801,134
3541466,801,134
3541460,805,134
3518676,801,134
3513556,805,134
3536487,801,134
3528752,801,134
3196367,805,134
3542949,801,134
3542950,801,134
3404156,801,134
3554236,801,134
3063378,801,134
3318296,801,134
3501372,801,134
3509230,801,134
3509231,801,134
3102010,801,134
3103381,801,134
3368148,801,134
3368149,801,134
3368151,801,134
3476196,801,134
3476199,801,134
3476200,801,134
3476202,801,134
3538419,801,134
3543870,801,134
3541545,801,134
3557777,801,134
3557783,801,134
3557782,801,134
3554246,801,134
3534601,801,134
3448562,801,134
3448564,801,134
3491953,805,134
3295021,801,134
3295023,801,134
3412002,801,134
3497612,801,134
3505767,801,134
3459960,801,134
3556029,801,134
3054513,801,134
3054516,801,134
3054520,801,134
3054535,801,134
3260451,801,134
3097779,801,134
3327143,801,134
3327144,801,134
3382940,801,134
3012794,801,134
3285331,805,134
3457912,801,134
3457913,801,134
3325237,801,134
3442481,801,134
3350607,801,134
3181800,801,134
3389078,801,134
3493317,801,134
3493423,801,134
3493424,801,134
3390753,801,134
3538907,801,134
3134265,801,134
3137588,805,134
3387857,801,134
3479885,801,134
3492416,801,134
3434405,801,134
3515856,801,134
3531392,801,134
3513553,805,134
3513554,805,134
3440244,801,134
3440906,801,134
3521071,801,134
3521073,801,134
3521074,801,134
3521651,801,134
3521652,801,134
3334803,801,134
3460189,801,134
3404154,801,134
3414888,801,134
3508978,801,134
3487359,801,134
3487363,801,134
3487364,801,134
3487674,801,134
3372214,805,134
3528748,801,134
3528749,801,134
3529243,801,134
3529244,801,134
3529245,801,134
3529246,801,134
3529247,801,134
3513947,801,134
3513972,801,134
3524289,801,134
3524413,801,134
3524414,801,134
3524415,801,134
3524416,801,134
3040982,801,134
3040988,801,134
3312777,801,134
3446423,801,134
3446427,801,134
3535085,801,134
3556030,801,134
3392951,801,134
3364612,801,134
3455364,801,134
3406659,801,134
3510699,801,134
3476197,801,134
3011823,801,134
3436536,801,134
3368152,801,134
3537737,801,134
3448563,801,134
3546767,801,134
3503276,801,134
3503277,801,134
3065101,801,134
3271310,805,134
3536484,801,134
3536485,801,134
3536486,801,134
3168728,801,134
3168730,801,134
3384314,805,134
3490335,801,134
3490337,801,134
3437750,805,134
3509078,801,134
3518674,801,134
3518677,801,134
3518681,801,134
3518682,801,134
3557778,801,134
3362388,801,134
3525114,805,134
3525115,805,134
3012311,801,134
3281313,801,134
3281318,801,134
3281320,801,134
3281321,801,134
3217698,801,134
3336962,801,134
3460723,801,134
3463139,805,134
3422249,801,134
3422473,801,134
3422474,801,134
3542948,801,134
3542951,801,134
3543334,801,134
3543872,801,134
3296686,805,134
3342477,801,134
3342479,801,134
3343026,801,134
3343029,801,134
3343030,801,134
3545124,801,134
3546389,801,134
3546390,801,134
3546391,801,134
3547498,801,134
3504123,801,134
3504124,801,134
3538420,801,134
3538571,801,134
3538908,801,134
3540979,805,134
3540980,805,134
3541461,805,134
3541467,801,134
3541546,801,134
3541547,801,134
3541939,801,134
3541941,801,134
3196365,805,134
3196368,805,134
3407767,801,134
3408174,805,134
3503165,805,134
3459960,801,506
3436535,801,506
3448564,801,506
3448563,801,506
3436536,801,506
3521071,801,506
3521072,801,506
3392950,801,506
3392951,801,506
3422584,801,506
3541391,801,506
3509233,801,506
3507585,801,506
3543871,801,506
3487674,801,506
3536400,801,506
3509253,801,506
3518682,801,506
3520753,801,506
3065131,801,506
3507586,801,506
3437855,801,506
3438238,801,506
3389078,801,506
3414888,801,506
3407767,801,506
3518688,801,506
3556424,801,506
3422258,801,506
3422259,801,506
3422249,801,506
3422250,801,506
3422251,801,506
3438240,801,506
3031987,801,506
3031988,801,506
3031989,801,506
3312779,801,506
3314547,801,506
3546391,801,506
3422581,801,506
3422582,801,506
3422583,801,506
3538565,801,506
3509234,801,506
3517622,801,506
3392947,801,506
3392948,801,506
3392949,801,506
3412002,801,506
3509231,801,506
3524414,801,506
3524413,801,506
3524416,801,506
3524415,801,506
3521073,801,506
3390753,801,506
3434405,801,506
3455364,801,506
3460723,801,506
3368149,801,506
3368148,801,506
3011823,801,506
3295021,801,506
3295023,801,506
3487359,801,506
3487363,801,506
3487364,801,506
3457912,801,506
3457913,801,506
3168728,801,506
3446427,801,506
3493317,801,506
3503277,801,506
3312777,801,506
3513972,801,506
3518681,801,506
3281320,801,506
3545124,801,506
3555041,801,506
3555042,801,506
3536397,801,506
3055204,801,506
3419131,801,506
3403438,801,506
3508978,801,506
3390754,801,506
3422474,801,506
3538566,801,506
3390755,801,506
3390756,801,506
3444318,801,506
3437856,801,506
3409368,801,506
3409369,801,506
3403272,801,506
3523181,801,506
3503276,801,506
3419129,801,506
3413586,801,506
3543870,801,506
3385771,801,506
3523363,801,506
3523364,801,506
3523365,801,506
3509230,801,506
3419602,801,506
3419603,801,506
3419604,801,506
3419605,801,506
3548189,801,506
3548190,801,506
3548191,801,506
3458930,801,506
3548188,801,506
3547500,801,506
3547501,801,506
3460722,801,506
3368150,801,506
3404154,801,506
3404156,801,506
3535596,801,506
3535595,801,506
3515856,801,506
3281318,801,506
3507858,801,506
3507857,801,506
3541389,801,506
3541390,801,506
3479552,801,506
3544246,801,506
3544249,801,506
3513945,801,506
3490335,801,506
3490336,801,506
3490337,801,506
3536398,801,506
3536399,801,506
3490338,801,506
3342479,801,506
3342478,801,506
3342477,801,506
3422473,801,506
3422252,801,506
3476202,801,506
3476200,801,506
3011822,801,506
3055152,801,506
3011821,801,506
3055153,801,506
3055154,801,506
3552975,801,506
3552976,801,506
3552977,801,506
3552978,801,506
3546388,801,506
3546389,801,506
3546390,801,506
3476197,801,506
3476198,801,506
3476199,801,506
3476194,801,506
3476195,801,506
3476196,801,506
3547927,801,506
3487361,801,506
3509235,801,506
3509236,801,506
3541385,801,506
3541386,801,506
3012311,801,506
3546767,801,506
3538571,801,506
3538570,801,506
3538569,801,506
3538567,801,506
3538568,801,506
3362388,801,506
3312780,801,506
3312781,801,506
3541392,801,506
3554247,801,506
3554246,801,506
3457915,801,506
3554249,801,506
3554248,801,506
3457914,801,506
3533214,801,506
3533215,801,506
3547499,801,506
3547498,801,506
3168727,801,506
3168729,801,506
3168730,801,506
3541387,801,506
3541388,801,506
3555039,801,506
3555040,801,506
3446423,801,506
3541546,801,506
3541547,801,506
3541545,801,506
3556030,801,506
3556029,801,506
3521074,801,506
3554245,801,506
3382940,801,506
3382941,801,506
3134265,801,506
3541940,801,506
3541941,801,506
3281313,801,506
3368152,801,506
3513947,801,506
3065101,801,506
3325237,801,506
3368151,801,506
3012260,801,506
3012259,801,506
3406719,801,506
3406723,801,506
3406717,801,506
3081035,801,506
3300070,801,506
3300071,801,506
3406721,801,506
3032106,801,506
3279756,801,506
3279757,801,506
3493318,801,506
3450271,801,506
3541939,801,506
3517621,801,506
3260451,801,506
3260454,801,506
3550848,801,506
3218628,801,506
3328714,801,506
3344279,801,506
3281511,801,506
3288346,801,506
3283554,801,506
3419926,801,506
3419927,801,506
3448562,801,506
3550850,801,506
3550852,801,506
3519560,801,506
3519561,801,506
3541924,801,506
3281321,801,506
3519231,801,506
3519232,801,506
3519233,801,506
3519234,801,506
3543872,801,506
3557783,801,506
3557782,801,506
3217698,801,506
3190991,801,506
3430483,801,506
3190990,801,506
3430484,801,506
3430485,801,506
3382457,801,506
3307987,801,506
3300069,801,506
3223203,801,506
3253175,801,506
3246587,801,506
3487366,801,506
3012794,801,506
3055280,801,506
3426543,801,506
3426542,801,506
3494103,801,506
3383609,801,506
3383607,801,506
3383608,801,506
3494102,801,506
3383606,801,506
3494101,801,506
3494100,801,506
3101964,801,506
3181800,801,506
3101976,801,506
3102010,801,506
3535608,801,506
3501372,801,506
3528749,801,506
3528752,801,506
3528750,801,506
3550808,801,506
3541466,801,506
3541467,801,506
3506580,801,506
3550806,801,506
3518676,801,506
3534601,801,506
3535085,801,506
3554236,801,506
3518223,801,506
3535084,801,506
3533694,801,506
3533695,801,506
3504123,801,506
3537737,801,506
3504124,801,506
3536484,801,506
3536485,801,506
3536486,801,506
3536487,801,506
3528748,801,506
3538420,801,506
3538419,801,506
3531392,801,506
3523141,801,506
3543334,801,506
3518674,801,506
3518675,801,506
3538908,801,506
3523140,801,506
3541465,801,506
3538906,801,506
3538907,801,506
3534020,801,506
3543335,801,506
3496126,801,506
3496127,801,506
3537715,801,506
3518677,801,506
3493423,801,506
3493424,801,506
3557777,801,506
3557778,801,506
3350608,801,506
3364612,801,506
3318296,801,506
3406659,801,506
3327143,801,506
3311748,801,506
3475383,801,506
3343031,801,506
3350607,801,506
3372352,801,506
3497612,801,506
3336962,801,506
3430010,801,506
3344291,801,506
3449947,801,506
3449943,801,506
3343029,801,506
3343030,801,506
3348367,801,506
3348368,801,506
3348369,801,506
3430007,801,506
3430008,801,506
3430009,801,506
3374925,801,506
3374926,801,506
3374927,801,506
3542948,801,506
3542949,801,506
3542950,801,506
3542951,801,506
3387567,801,506
3387568,801,506
3387569,801,506
3327144,801,506
3440906,801,506
3298487,801,506
3298488,801,506
3298489,801,506
3433469,801,506
3352971,801,506
3352974,801,506
3477800,801,506
3477799,801,506
3473447,801,506
3477798,801,506
3520312,801,506
3520313,801,506
3540798,801,506
3463139,805,506
3282735,805,506
3288046,805,506
3284516,805,506
3320019,805,506
3184823,805,506
3184818,805,506
3295614,805,506
3184824,805,506
3343735,805,506
3386500,805,506
3386499,805,506
3437745,805,506
3285331,805,506
3384314,805,506
3491953,805,506
3196368,805,506
3196365,805,506
3196367,805,506
3271310,805,506
3196366,805,506
3296686,805,506
3513553,805,506
3257943,805,506
3282737,805,506
3491227,805,506
3525116,805,506
3501641,805,506
3523764,805,506
3452217,805,506
3500596,805,506
3523765,805,506
3527979,805,506
3452218,805,506
3501639,805,506
3503303,805,506
3524461,805,506
3503302,805,506
3503301,805,506
3524462,805,506
3501640,805,506
3515340,805,506
3515339,805,506
3515343,805,506
3515342,805,506
3521131,805,506
3515341,805,506
3422432,805,506
3372481,805,506
3269076,805,506
3372479,805,506
3422431,805,506
3449108,805,506
3493892,805,506
3493891,805,506
3525066,805,506
3525067,805,506
3525068,805,506
3525069,805,506
3008472,805,506
3282736,805,506
3452211,805,506
3473446,805,506
3452223,805,506
3452220,805,506
3523766,805,506
3452222,805,506
3329700,805,506
3537640,805,506
3541461,805,506
3541460,805,506
3525114,805,506
3527980,805,506
3537271,805,506
3525115,805,506
3008482,805,506
3008486,805,506
3008485,805,506
3008490,805,506
3054651,805,506
3123559,805,506
3008478,805,506
3008479,805,506
3008481,805,506
3140316,805,506
3257947,805,506
3250058,805,506
3250059,805,506
3277949,805,506
3372214,805,506
3386501,805,506
3497823,805,506
3386502,805,506
3386503,805,506
3408174,805,506
3437748,805,506
3517121,805,506
3408176,805,506
3333833,805,506
3333834,805,506
3513554,805,506
3314147,805,506
3217101,805,506
3314154,805,506
3356101,805,506
3386505,805,506
3386506,805,506
3314153,805,506
3356098,805,506
3513555,805,506
3513556,805,506
3196363,805,506
3196362,805,506
3257948,805,506
3503165,805,506
3437750,805,506
3437749,805,506
3372212,805,506
3160021,805,506
3386509,805,506
3160024,805,506
3160023,805,506
3386508,805,506
3386507,805,506
3372213,805,506
3160022,805,506
3452209,805,506
3132145,805,506
3137587,805,506
3137588,805,506
3540979,805,506
3513552,805,506
3538788,805,506
3538789,805,506
3553316,805,506
3517119,805,506
3517120,805,506
3535758,805,506
3535759,805,506
3535760,805,506
3535761,805,506
3521129,805,506
3521130,805,506
3501642,805,506
3217105,805,506
3007093,805,506
3333830,805,506
3333828,805,506
3277950,805,506
3540980,805,506
3333835,805,506
3386504,805,506
3282513,805,506
3110821,805,506
3110820,805,506
3282741,805,506
3545291,805,506
3545292,805,506
3314078,805,506
3192268,805,506
3530732,805,506
3530731,805,506
3530734,805,506
3530733,805,506
3427995,801,506
3348492,801,506
3318852,801,506
3408152,801,506
3529244,801,506
3529243,801,506
3529245,801,506
3352387,801,506
3373113,801,506
3384347,801,506
3384346,801,506
3530491,801,506
3284683,801,506
3529248,801,506
3512339,801,506
3495684,801,506
3199550,801,506
3276843,801,506
3205668,801,506
3229501,801,506
3231570,801,506
3005075,801,506
3005077,801,506
3005073,801,506
3214107,801,506
3387857,801,506
3003245,801,506
3003246,801,506
3401494,801,506
3524289,801,506
3278389,801,506
3278390,801,506
3538108,801,506
3440244,801,506
3481810,801,506
3451265,801,506
3468909,801,506
3442481,801,506
3440249,801,506
3488562,801,506
3413712,801,506
3413711,801,506
3413710,801,506
3422161,801,506
3440252,801,506
3422157,801,506
3529246,801,506
3529247,801,506
3479885,801,506
3492416,801,506
3440951,801,506
3295200,801,506
3509078,801,506
3054535,801,506
